,rh_G_postcentral_area,rh_MDm,rh_G_temp_sup-G_T_transv_area,lh_S_circular_insula_inf_thickness,rh_S_circular_insula_inf_thickness,rh_S_front_sup_area,rh_G&S_transv_frontopol_thickness,rh_G_front_inf-Opercular_thickness,lh_G_rectus_thickness,rh_VM,lh_VPL,lh_S_pericallosal_area,lh_PuI,rh_L-Sg,lh_S_oc_sup&transversal_area,rh_G_cuneus_thickness,lh_S_calcarine_thickness
0,0.09309553938870588,-0.1482218298994559,-0.08896750621992584,-0.10776762354923318,-0.12053859157689893,0.15122390605696018,-0.07657367250133845,0.07044142406078771,0.15942925327223934,-0.35752420515601835,-0.16426703874617157,0.10764478262116883,0.13413213459461876,0.15923927413164696,0.13892430935281902,0.21088967408200196,0.2409460806107843
