,lh_PuI,rh_S_occipital_ant_thickness,lh_G_pariet_inf-Supramar_area,lh_fimbria,lh_VPL,lh_G_oc-temp_med-Lingual_thickness,rh_G_temp_sup-Plan_tempo_area,rh_G&S_transv_frontopol_area,rh_S_collat_transv_post_thickness,lh_G_insular_short_area,lh_S_orbital-H_Shaped_thickness,rh_CA3-body,rh_VLa,rh_G_front_middle_area,lh_G_temp_sup-Plan_polar_area,rh_S_front_sup_area
0,0.3773993280731873,0.20840627496897193,-0.23494946939873637,0.15299021576140648,-0.49893222662289605,0.6079699187822463,0.1394547634865307,0.1322719037867934,0.36673541885668665,-0.41071262704795686,-0.3845846034995708,-0.5599488385334964,-0.511083785742884,0.11079046031012985,-0.2805708575556209,0.4463807517519923
