,rh_G_temp_sup-G_T_transv_area,lh_S_circular_insula_inf_thickness,rh_S_circular_insula_inf_thickness,rh_S_front_sup_area,lh_G_rectus_thickness,rh_VM,rh_PuM,lh_S_pericallosal_area,lh_PuI,rh_CA3-head,rh_L-Sg,lh_S_oc_sup&transversal_area,rh_G_cuneus_thickness,lh_Medial-nucleus
0,-0.07118380531949847,-0.07261446456377316,-0.10812049831150658,0.1003307808076322,0.20465294539812795,-0.4912076836070768,-0.15677808288868417,0.10884224148341035,0.1396246720628292,-0.17737406611962853,0.15605853616269896,0.130706168349897,0.3109376436048891,0.05126320212652007
