,rh_G_postcentral_area,rh_MDm,rh_G_temp_sup-G_T_transv_area,rh_G_oc-temp_lat-fusifor_area,rh_S_circular_insula_inf_thickness,rh_S_front_sup_area,lh_G_rectus_thickness,rh_VM,lh_S_oc_sup&transversal_area,lh_Pole_temporal_area,rh_MGN,lh_S_collat_transv_post_thickness
0,0.10817610754641566,-0.18773707312191465,-0.10740243167039079,0.015428640033383829,-0.07980549112097293,0.14518803429175164,0.20960346221708032,-0.47800203180792816,0.10700529276161738,-0.2025314720509358,0.17806219319820482,0.2899967615620002
