,lh_PuI,rh_S_collat_transv_ant_thickness,lh_VPL,lh_S_circular_insula_inf_thickness,rh_G_insular_short_thickness,rh_S_intrapariet&P_trans_area,rh_S_cingul-Marginalis_thickness,rh_S_front_sup_thickness,rh_S_front_middle_area,lh_G_rectus_thickness,rh_L-Sg,rh_WhiteSurfArea_area,rh_HATA,rh_VM,lh_S_circular_insula_inf_area,lh_Pole_temporal_area
0,0.4052340479946443,-0.2008327789454325,-0.532840707428011,-0.1822399653545989,0.15651852511520598,0.16355845418703152,0.3630844163797474,0.18164313081453717,0.3106535227972821,0.43633368399762945,0.2692585337433057,0.334676639347374,-0.3141330965696975,-0.8796516575370101,-0.279468358081432,-0.48041584700199097
