,lh_PuI,rh_S_occipital_ant_thickness,lh_G_pariet_inf-Supramar_area,lh_fimbria,lh_VPL,lh_G_oc-temp_med-Lingual_thickness,rh_G_temp_sup-Plan_tempo_area,rh_G&S_transv_frontopol_area,rh_S_collat_transv_post_thickness,lh_G_insular_short_area,lh_S_orbital-H_Shaped_thickness,rh_CA3-body,rh_VLa,rh_G_front_middle_area,lh_G_temp_sup-Plan_polar_area,rh_S_front_sup_area
0,0.37739932807378773,0.20840627496897488,-0.23494946939873576,0.1529902157614117,-0.49893222662299314,0.6079699187822423,0.1394547634865349,0.13227190378679557,0.366735418856685,-0.4107126270479628,-0.3845846034995693,-0.5599488385334958,-0.5110837857429771,0.11079046031012263,-0.280570857555626,0.44638075175199854
