,rh_G_postcentral_area,rh_MDm,lh_S_orbital-H_Shaped_thickness,lh_S_circular_insula_inf_thickness,rh_S_front_sup_area,rh_G&S_transv_frontopol_thickness,rh_S_pericallosal_area,lh_S_front_sup_area,lh_PuM,rh_VM,lh_VPL,lh_S_pericallosal_area,rh_L-Sg,rh_CA3-body,rh_G_insular_short_thickness,rh_S_occipital_ant_thickness,rh_S_suborbital_area,lh_S_calcarine_thickness,lh_Pole_temporal_area
0,0.030418571394576887,-0.09433558221084179,-0.0486812319467468,-0.05770406290116172,0.09616648110242992,-0.020922320900809237,0.03390882414836667,0.13530641163238724,0.09040944483473369,-0.37017733471745295,-0.1887796905694361,0.12969916849445082,0.1374790472157977,-0.20910716911007543,0.13370899078563528,0.1739185103244589,0.09132472507546467,0.27500575688855655,-0.12345715340101378
