,lh_PuI,lh_fimbria,lh_VPL,lh_G_oc-temp_med-Lingual_thickness,rh_G&S_transv_frontopol_area,lh_G_temporal_inf_area,rh_S_collat_transv_post_thickness,lh_G_insular_short_area,lh_G_rectus_area,lh_S_orbital-H_Shaped_thickness,rh_CA3-body,lh_G_oc-temp_lat-fusifor_area,rh_MDm,rh_G_front_middle_area,lh_HATA
0,0.4436212541498653,0.3189674935124299,-0.7827860958617497,0.6356131693088242,0.18761364423396598,0.1391584076347156,0.40683914926415105,-0.29065732010234197,-0.20951632966621525,-0.2478919393483651,-0.38802424688483195,-0.27266011343805097,-0.3654764270016807,0.12773793787915513,-0.3959160169252561
