,lh_PuI,lh_fimbria,lh_VPL,lh_G_oc-temp_med-Lingual_thickness,rh_G&S_transv_frontopol_area,lh_G_temporal_inf_area,rh_S_collat_transv_post_thickness,lh_G_insular_short_area,lh_G_rectus_area,lh_S_orbital-H_Shaped_thickness,rh_CA3-body,lh_G_oc-temp_lat-fusifor_area,rh_MDm,rh_G_front_middle_area,lh_HATA
0,0.44362125415018017,0.31896749351243314,-0.7827860958617773,0.6356131693088253,0.1876136442339646,0.1391584076347167,0.406839149264148,-0.2906573201023425,-0.20951632966621542,-0.24789193934836465,-0.3880242468848312,-0.27266011343805463,-0.36547642700207433,0.1277379378791543,-0.3959160169252562
