,rh_G_postcentral_area,rh_G_oc-temp_lat-fusifor_area,rh_S_oc_sup&transversal_thickness,lh_Whole_hippocampus,rh_VM,lh_VPL,lh_S_pericallosal_area,rh_L-Sg,rh_CA3-body,rh_G_insular_short_thickness,lh_PuL,lh_S_calcarine_thickness,rh_HATA
0,0.11681115054550031,0.021918567089245975,0.12160380883505126,-0.10418400324267767,-0.3887428098643458,-0.19390793797098013,0.18718804508861556,0.12941333046617842,-0.1751741239019612,0.1285520764534109,0.18305638440046734,0.27952702944534746,-0.13847443362361292
