,lh_PuI,lh_VPL,lh_S_circular_insula_inf_thickness,rh_G&S_cingul-Mid-Post_area,rh_S_intrapariet&P_trans_area,rh_S_cingul-Marginalis_thickness,rh_S_front_middle_area,rh_CA3-body,rh_S_collat_transv_post_thickness,lh_Lat_Fis-ant-Horizont_thickness,rh_HATA,rh_G&S_cingul-Mid-Ant_area,lh_G_occipital_sup_thickness,rh_S_suborbital_area,lh_G_oc-temp_med-Parahip_area,rh_PuA
0,0.6260820097697523,-0.8163644919220902,-0.2827320320138552,0.3555619919068855,0.29577798583884296,0.35015838323056436,0.2846973109362948,-0.43306334315437967,0.6862799255576514,-0.22860244891158749,-0.3367902611269828,-0.2551518328952599,0.4682047606001435,0.21153518482069789,-0.3016278657255646,-0.39388619906701483
