,rh_G_postcentral_area,rh_MDm,rh_G_temp_sup-G_T_transv_area,rh_G_oc-temp_lat-fusifor_area,lh_S_orbital-H_Shaped_thickness,lh_S_circular_insula_inf_thickness,rh_S_circular_insula_inf_thickness,rh_G_cuneus_area,rh_G_front_middle_area,rh_G&S_transv_frontopol_thickness,lh_S_front_sup_area,lh_Lat_Fis-post_area,lh_Whole_hippocampus,lh_PuM,rh_S_collat_transv_post_area,lh_G_rectus_thickness,rh_Paralaminar-nucleus,lh_S_pericallosal_thickness,rh_VM,rh_subiculum-head,lh_MDl,lh_S_pericallosal_area,lh_G&S_cingul-Ant_area,lh_G&S_occipital_inf_area,lh_G_orbital_area,rh_G_insular_short_thickness,lh_S_oc_sup&transversal_area,rh_G_cuneus_thickness,rh_PuA,rh_HATA
0,0.1601215146977436,-0.15955339492823103,-0.14065066808015061,0.0488520232958463,-0.22216664998556665,-0.18677275458367784,-0.1995781223923686,0.07931209366198247,0.0035826161911724818,-0.2074816626500576,0.27150591847702354,0.06395571315179667,-0.24937711614870642,0.42920536183122826,-0.11333044592804181,0.31536761765757454,0.2346093536187365,0.26727256792007853,-0.7180449319006407,0.11075546273967979,0.2186218448560659,0.19410788882301358,-0.10433624039040086,0.12713218564116505,-0.20023588068486733,0.24869175251284484,0.2637862283812744,0.5262554587842653,-0.26173589885333876,-0.22429837580130366
