,rh_G_postcentral_area,rh_MDm,rh_G_temp_sup-G_T_transv_area,lh_S_orbital-H_Shaped_thickness,lh_S_circular_insula_inf_thickness,rh_S_front_sup_area,lh_G_rectus_thickness,rh_VM,lh_VPL,rh_PuM,lh_PuI,rh_L-Sg,lh_S_oc_sup&transversal_area,lh_S_calcarine_thickness,rh_S_collat_transv_post_thickness
0,0.06153230619545308,-0.1421257552500382,-0.047856786458536985,-0.09443646967373318,-0.0923163052913411,0.13337852757547616,0.17511632605396502,-0.3899867740230647,-0.17724165292638588,-0.11222167965662144,0.15589447520059477,0.15955088820647192,0.13968641051856182,0.2593507753331558,0.18942812301200238
