,lh_PuI,lh_G_precuneus_area,rh_S_collat_transv_ant_thickness,rh_G_front_inf-Orbital_area,lh_fimbria,lh_VPL,lh_S_circular_insula_inf_thickness,rh_G_insular_short_thickness,rh_S_orbital-H_Shaped_area,rh_S_cingul-Marginalis_thickness,rh_S_front_sup_thickness,rh_S_front_middle_area,rh_Medial-nucleus,rh_L-Sg,rh_S_collat_transv_post_thickness,rh_MDm,rh_G&S_cingul-Mid-Ant_area,lh_Hippocampal_tail,lh_S_pericallosal_area,lh_S_oc_sup&transversal_area,rh_VM,rh_PuL
0,0.3467501618765717,0.012442583490063358,-0.1663986550950054,-0.11671108919191933,0.015528641089258784,-0.20651679540722645,-0.21536748727479013,0.10359046964010465,0.12960911551807472,0.3681426003033942,0.1716111367111398,0.17173624195122156,0.14349207294494443,0.36519164410978455,0.4030339294811529,-0.24192424770109133,-0.13860365088762513,-0.25026467483573234,0.35683470057045175,0.2940773100423228,-0.9593957761406552,-0.43030775317453346
