,rh_G_postcentral_area,lh_S_circular_insula_inf_thickness,rh_S_circular_insula_inf_thickness,rh_G_cuneus_area,rh_G_front_middle_area,rh_S_pericallosal_area,rh_S_oc_sup&transversal_thickness,rh_Pf,lh_PuM,lh_S_pericallosal_thickness,rh_VM,lh_VPL,rh_PuM,lh_G_orbital_area,lh_PuI,lh_S_oc_sup&transversal_area,rh_S_orbital_med-olfact_area,lh_S_calcarine_thickness,rh_G&S_cingul-Mid-Ant_area
0,0.14770821995527622,-0.1937871329817723,-0.2708057535794858,-0.2180799915430443,0.32015221465592947,0.08046381682537052,0.20628554449508615,0.21588440152675206,0.36397939561625303,0.09438019399890663,-1.0798280957170647,-0.3509174728254316,-0.44274578896283834,-0.21853738324902716,0.43429678142926587,0.3053417057583802,0.3062497160819271,0.7492042687746088,-0.24951225713777406
