,rh_G_postcentral_area,rh_MDm,rh_G_temp_sup-G_T_transv_area,rh_G_oc-temp_lat-fusifor_area,lh_S_orbital-H_Shaped_thickness,lh_S_circular_insula_inf_thickness,rh_S_circular_insula_inf_thickness,rh_S_front_sup_area,rh_G&S_transv_frontopol_thickness,lh_G_rectus_thickness,rh_Whole_hippocampus,rh_VM,lh_VPL,lh_S_pericallosal_area,lh_PuI,rh_L-Sg,rh_G_insular_short_thickness,lh_S_oc_sup&transversal_area,rh_G_cuneus_thickness,lh_S_calcarine_thickness
0,0.10097100723104849,-0.16288233193342327,-0.05303084375637366,0.03987299767748801,-0.05919203276910709,-0.054734918208867334,-0.09160312970126137,0.1335075939482546,-0.061664962411892996,0.15099216926224301,-0.10775909061542827,-0.3505236198930426,-0.16237282455744817,0.13277999287643624,0.12234123604073026,0.1482894444989297,0.10929762827630025,0.14587988519732023,0.20985402682181048,0.22621399188423222
