,rh_S_circular_insula_inf_thickness,rh_S_pericallosal_area,lh_PuM,lh_G_rectus_thickness,rh_VM,lh_VPL,rh_PuM,lh_PuI,rh_L-Sg,rh_CA3-body,lh_S_oc_sup&transversal_area,lh_S_calcarine_thickness,lh_S_front_middle_area
0,-0.06000372657384559,0.06443222627299736,0.08459919829824318,0.1895048399672195,-0.43404394673356533,-0.216050929627255,-0.15762817210043867,0.14017654481943798,0.09421141327752684,-0.17664282573570664,0.1320874209615191,0.3058269584764674,0.15274312208288515
