,rh_MDm,rh_G_temp_sup-G_T_transv_area,lh_S_circular_insula_inf_thickness,rh_S_circular_insula_inf_thickness,rh_S_front_sup_area,rh_S_oc_sup&transversal_thickness,rh_S_temporal_sup_area,lh_PuM,lh_G_rectus_thickness,lh_S_pericallosal_thickness,rh_VM,rh_S_oc-temp_lat_area,lh_VPL,lh_G_occipital_sup_area,lh_S_pericallosal_area,rh_CA3-body,rh_Pole_temporal_area,lh_S_oc_sup&transversal_area,rh_G_cuneus_thickness,rh_S_collat_transv_post_thickness,rh_S_orbital-H_Shaped_area,lh_S_oc-temp_lat_area
0,-0.10311920205734225,-0.052030516137718114,-0.09385248665839234,-0.13568647958626323,0.10697081272534806,0.07965977467931966,-0.03172929263861528,0.12968550136839188,0.173459847430754,0.11153265551489328,-0.36317682201591417,0.047663424582321326,-0.17138200580964097,0.05382947514787487,0.18182221848838123,-0.17693221577396206,-0.09976959731204353,0.11490112839736767,0.1843116514444413,0.19469173052917293,0.13928847193972002,-0.0975807749334031
