,rh_G_postcentral_area,rh_MDm,rh_G_temp_sup-G_T_transv_area,rh_S_circular_insula_inf_thickness,rh_S_front_sup_area,rh_VM,lh_VPL,lh_S_pericallosal_area,lh_PuI,rh_L-Sg,rh_Hippocampal_tail,lh_S_oc_sup&transversal_area,rh_S_front_middle_area,rh_G_cuneus_thickness,lh_S_calcarine_thickness,rh_G&S_cingul-Mid-Ant_area,rh_S_collat_transv_post_thickness
0,0.08529474150645668,-0.1284918399126545,-0.04155768222709049,-0.13190957991236008,0.10733985956412095,-0.3674295706659635,-0.18565435753584442,0.15290128464795827,0.09963336914969322,0.14732796174713436,-0.12647687179126244,0.09752780624375143,0.10007506068639405,0.19321739260828513,0.22977668062107498,-0.08905886211622241,0.1714363247992903
