,lh_PuI,lh_VPL,lh_S_circular_insula_inf_thickness,rh_S_interm_prim-Jensen_thickness,rh_G&S_cingul-Mid-Post_area,rh_S_orbital-H_Shaped_area,rh_S_front_sup_thickness,rh_S_front_middle_area,lh_Lat_Fis-post_area,rh_L-Sg,rh_CA3-body,rh_VLa,rh_S_collat_transv_post_thickness,lh_VLp,lh_S_pericallosal_area,lh_G_precentral_area,lh_Medial-nucleus,rh_PuM,lh_S_oc_sup&transversal_area,lh_S_orbital_lateral_thickness,lh_S_oc-temp_lat_area
0,0.6839258168237337,-0.43392387014573286,-0.17629516987380062,-0.08657272644118671,-0.11119599970801329,0.23050613063541386,0.3285717126751771,0.1611856259750021,0.08720845196380998,0.3668451044144491,-0.3712193764265084,-0.3099875941843312,0.599385669274632,-0.44776751043908336,0.28649485846511247,0.2766784182918942,0.24499019518450035,-0.5477700689873845,0.3088549272655975,-0.2630552938427872,-0.05487980659227913
