,lh_PuI,lh_G_pariet_inf-Supramar_area,lh_VPL,lh_G_oc-temp_med-Lingual_thickness,lh_G_temp_sup-Plan_tempo_area,rh_G&S_transv_frontopol_area,rh_S_collat_transv_post_thickness,lh_G_insular_short_area,lh_G_rectus_area,rh_S_orbital_lateral_thickness,rh_L-Sg,rh_CA3-body,lh_WhiteSurfArea_area,lh_HATA,rh_S_front_middle_area
0,0.3874906805824563,-0.1904236660132233,-0.6468812503697621,0.7153754800448188,0.08086723933832948,0.11444637118192777,0.3650588600727131,-0.5235249122400253,-0.11224879563971436,-0.37054833190517744,0.21775964664859376,-0.5071711592921273,0.4421806428020885,-0.3329995133643289,0.22206685981166316
