,lh_PuI,lh_G_pariet_inf-Supramar_area,lh_VPL,lh_G_oc-temp_med-Lingual_thickness,lh_G_temp_sup-Plan_tempo_area,rh_G&S_transv_frontopol_area,rh_S_collat_transv_post_thickness,lh_G_insular_short_area,lh_G_rectus_area,rh_S_orbital_lateral_thickness,rh_L-Sg,rh_CA3-body,lh_WhiteSurfArea_area,lh_HATA,rh_S_front_middle_area
0,0.3874906805833064,-0.1904236660132226,-0.6468812503697144,0.7153754800448193,0.0808672393383287,0.1144463711819277,0.3650588600727124,-0.5235249122400247,-0.11224879563971288,-0.3705483319051772,0.21775964664859157,-0.5071711592921255,0.442180642802087,-0.3329995133643322,0.22206685981166324
