,rh_G_postcentral_area,lh_S_circular_insula_inf_thickness,rh_S_front_sup_area,lh_Lat_Fis-post_area,lh_PuM,rh_Paralaminar-nucleus,lh_S_pericallosal_thickness,rh_VM,lh_VPL,rh_PuM,rh_S_precentral-inf-part_area,lh_S_pericallosal_area,lh_S_oc-temp_med&Lingual_area,lh_PuI,rh_L-Sg,rh_CA3-body,rh_S_intrapariet&P_trans_area,rh_S_front_middle_area,lh_S_circular_insula_inf_area,lh_L-Sg,rh_S_orbital_lateral_area,lh_S_collat_transv_post_thickness
0,0.06960424502400474,-0.07929279961735657,0.062400252700409255,0.06526149724459686,0.08760391530663848,0.03509768583188347,0.13060864275438486,-0.4134375500376277,-0.22844068570159703,-0.14773640032183397,0.02554851833691173,0.17425161460815713,-0.0731330947805934,0.11561484214885547,0.12641630659036796,-0.17605074711902005,0.1019676270460551,0.10784021128552981,-0.0801425266866543,0.04965300194535213,0.13030152529662464,0.2755433551831967
