,rh_G_postcentral_area,lh_S_circular_insula_inf_thickness,rh_S_circular_insula_inf_thickness,rh_S_front_sup_area,lh_S_front_sup_area,rh_S_oc_sup&transversal_thickness,rh_Paralaminar-nucleus,lh_S_pericallosal_thickness,rh_Whole_hippocampus,rh_VM,lh_S_collat_transv_post_area,rh_PuM,lh_S_pericallosal_area,lh_PuI,lh_S_oc_sup&transversal_area,lh_S_calcarine_thickness,rh_G&S_cingul-Mid-Ant_area,rh_S_orbital_lateral_area,lh_Medial-nucleus,lh_S_oc-temp_lat_area
0,0.1646499048372057,-0.3695697673181435,-0.29116147204926957,0.21407934904067824,0.1927196673101761,0.37677664960503643,0.2571072532320891,0.2956168716770629,-0.4293609169868302,-0.7956833445387026,-0.25331816312429684,-0.3066274536115918,0.28530407964891225,0.321182916664519,0.2976408471799577,0.61913480727794,-0.31508101192008,0.21042997144492892,0.30573420544335034,-0.08635615027872039
