,rh_G_postcentral_area,rh_MDm,rh_G_temp_sup-G_T_transv_area,rh_G_oc-temp_lat-fusifor_area,lh_S_orbital-H_Shaped_thickness,lh_S_circular_insula_inf_thickness,rh_S_circular_insula_inf_thickness,rh_S_front_sup_area,rh_G_front_inf-Opercular_thickness,lh_S_front_sup_area,lh_G_rectus_thickness,rh_Paralaminar-nucleus,rh_VM,lh_VPL,lh_S_collat_transv_post_area,rh_PuM,lh_G_occipital_sup_thickness,lh_Pt,lh_PuI,rh_L-Sg,rh_CA3-body,lh_AV,rh_Lat_Fis-ant-Vertical_thickness,lh_S_oc_sup&transversal_area,rh_G_cingul-Post-ventral_area,lh_Pole_temporal_area,lh_S_oc-temp_lat_area
0,0.09689318684907025,-0.12268666998949647,-0.07575209363528623,0.0707584166901977,-0.05699226598599472,-0.07696676182180792,-0.08650346527874476,0.08805458540696287,0.09395650743217386,0.07865244437978641,0.21795491893451668,0.09789528991424824,-0.37111500844232764,-0.19317409931851634,-0.057838926032351266,-0.07984098313827885,0.17694080934404197,-0.07025007931289919,0.15393301282703234,0.1390604928938562,-0.192050259719897,0.11592110982213427,0.08590928256891263,0.12008881361287053,0.06834357036646375,-0.1115758346171764,-0.03464923185730185
