,lh_fimbria,rh_Lat_Fis-ant-Horizont_area,lh_Pole_occipital_area,rh_L-Sg,rh_S_collat_transv_post_thickness,rh_HATA,lh_Hippocampal_tail,lh_S_pericallosal_area,rh_VM,rh_G_postcentral_area,rh_PuA
0,0.2824507605576983,-0.27436807710431216,0.21166230477141354,0.38527270772907873,0.6539556220056333,-0.396960072047068,-0.2698436100880657,0.3792109432588247,-0.9794988701117082,0.24591685448435724,-0.24909871704843375
