,lh_PuI,lh_G_pariet_inf-Supramar_area,lh_fimbria,lh_VPL,lh_G_oc-temp_med-Lingual_thickness,lh_G_temp_sup-Plan_tempo_area,lh_G&S_occipital_inf_area,rh_G&S_transv_frontopol_area,lh_G_temporal_inf_area,rh_S_collat_transv_post_thickness,lh_G_insular_short_area,rh_Pole_temporal_area,rh_Pf,rh_S_orbital_lateral_thickness,lh_S_orbital-H_Shaped_thickness,rh_G_oc-temp_med-Lingual_area,rh_CA3-body,lh_VLp,rh_G_front_middle_area,lh_MDl,lh_Lat_Fis-ant-Vertical_area,lh_G_cingul-Post-dorsal_area
0,0.4865634224775442,-0.15768718959053052,0.2163986599531894,-0.47601585596506524,0.80972924244684,0.0895850132132357,0.17174973496555312,0.1849679587391299,0.12725325632318954,0.486121946753854,-0.3988568862248374,-0.2827921900518414,-0.29082218651983965,-0.3176222603971619,-0.24412667290821044,0.14586680910758085,-0.6508190569759869,-0.4707728828856961,0.14456014043733034,0.20699601912136126,-0.11580832341475317,0.09910513976695667
