,lh_PuI,lh_G_pariet_inf-Supramar_area,lh_fimbria,lh_VPL,lh_G_oc-temp_med-Lingual_thickness,lh_G_temp_sup-Plan_tempo_area,lh_G&S_occipital_inf_area,rh_G&S_transv_frontopol_area,lh_G_temporal_inf_area,rh_S_collat_transv_post_thickness,lh_G_insular_short_area,rh_Pole_temporal_area,rh_Pf,rh_S_orbital_lateral_thickness,lh_S_orbital-H_Shaped_thickness,rh_G_oc-temp_med-Lingual_area,rh_CA3-body,lh_VLp,rh_G_front_middle_area,lh_MDl,lh_Lat_Fis-ant-Vertical_area,lh_G_cingul-Post-dorsal_area
0,0.4865634224716983,-0.15768718958942507,0.21639865996007066,-0.4760158559521371,0.8097292424486887,0.08958501320981432,0.17174973496402007,0.18496795873776906,0.1272532563204706,0.48612194674878917,-0.39885688621727755,-0.2827921900491877,-0.2908221865313147,-0.31762226039810343,-0.24412667290815515,0.14586680909846433,-0.6508190569733993,-0.4707728828983999,0.14456014043646864,0.20699601912292598,-0.11580832341933053,0.09910513977459073
