,rh_G_postcentral_area,rh_G_temp_sup-G_T_transv_area,rh_G_oc-temp_lat-fusifor_area,lh_S_circular_insula_inf_thickness,rh_S_circular_insula_inf_thickness,rh_S_front_sup_area,lh_S_front_sup_area,rh_Pf,lh_PuM,rh_VM,lh_VPL,lh_S_oc_sup&transversal_area,rh_G_cuneus_thickness,rh_S_orbital_lateral_area,rh_HATA,lh_S_oc-temp_lat_area
0,0.21200924727034934,-0.19736122361713387,0.13661397385915658,-0.3020023527972769,-0.26246307895500165,0.057662538813253054,0.1584149037638447,0.15757149019004962,0.4243507722403292,-0.9471782155799193,-0.4752585086195329,0.36695337431348585,0.9602242612842423,0.26842861375633625,-0.34500423733259383,-0.12803553209866636
