,rh_G_postcentral_area,rh_G_oc-temp_lat-fusifor_area,lh_S_circular_insula_inf_thickness,rh_S_circular_insula_inf_thickness,rh_S_front_sup_area,lh_G_rectus_thickness,lh_S_pericallosal_thickness,rh_VM,lh_VPL,lh_G_occipital_sup_thickness,lh_S_pericallosal_area,lh_PuI,rh_L-Sg,rh_CA3-body,lh_G_precentral_area,rh_G&S_cingul-Mid-Ant_area
0,0.05651206994823671,0.03767320985526446,-0.06622521306432927,-0.07428587205120539,0.1329532639106577,0.2104089591135308,0.16561411998725173,-0.4165742364844436,-0.23181406346038105,0.14805034243493229,0.22873751730925096,0.13557767296162346,0.13146492031611648,-0.19778825261344612,0.12980092622821235,-0.0824081162893533
