,rh_G_postcentral_area,rh_MDm,rh_G_temp_sup-G_T_transv_area,lh_S_circular_insula_inf_thickness,rh_S_circular_insula_inf_thickness,rh_G_cuneus_area,rh_G_front_middle_area,lh_S_front_sup_area,rh_S_oc_sup&transversal_thickness,lh_Lat_Fis-post_area,rh_S_temporal_sup_area,rh_Pf,lh_PuM,lh_Pole_temporal_thickness,lh_G_rectus_thickness,lh_G_front_inf-Orbital_area,rh_Whole_hippocampus,rh_VM,rh_subiculum-head,lh_VPL,rh_PuM,rh_S_temporal_inf_area,rh_G_occipital_middle_area,rh_Lat_Fis-ant-Vertical_thickness,lh_S_oc_sup&transversal_area,lh_Medial-nucleus,lh_S_oc-temp_lat_area
0,0.13563607768983263,-0.20772309613813075,-0.15265018871402775,-0.2049871069489712,-0.3397554088553912,-0.1593607672558522,-0.15468624992054378,0.3018288051360155,0.20446754285367236,0.1448820365128351,-0.11338547061772622,0.16608028410484674,0.6213931708082662,-0.18921040824273266,0.6533606133285944,0.20028371979297488,-0.23656768991354726,-0.958487144747397,0.17199878274219474,-0.2082820702803927,-0.33775641698229075,0.13221527607295291,0.16815757962997988,0.25852168738374376,0.25086834769843136,0.18208879542244716,-0.12618611499460225
