,rh_G_postcentral_area,rh_MDm,rh_G_temp_sup-G_T_transv_area,rh_G_oc-temp_lat-fusifor_area,rh_S_circular_insula_inf_thickness,rh_S_front_sup_area,rh_G&S_transv_frontopol_thickness,rh_S_pericallosal_area,lh_S_front_sup_area,lh_G_rectus_thickness,lh_S_pericallosal_thickness,rh_Whole_hippocampus,rh_VM,lh_MDl,lh_S_pericallosal_area,rh_L-Sg,lh_S_oc_sup&transversal_area,rh_G&S_cingul-Mid-Ant_area,rh_S_collat_transv_post_thickness
0,0.10973181860676307,-0.18319245133078707,-0.06595263699656745,0.005848119170975287,-0.11950358999518412,0.09719865271132136,-0.050410281580710474,0.060208954634119814,0.08261311777042767,0.1781302321008492,0.1497028510140735,-0.09967551256547849,-0.4720215234819801,0.0850885441088658,0.18928344418012216,0.0961495796227881,0.09178276447864138,-0.12693555607109533,0.26650403344331175
