,lh_PuI,lh_G_precuneus_area,lh_VPL,lh_S_circular_insula_inf_thickness,rh_S_orbital-H_Shaped_area,lh_G_rectus_thickness,lh_G_front_inf-Orbital_area,rh_S_collat_transv_post_thickness,rh_HATA,lh_G_precentral_area,lh_S_oc_sup&transversal_area,rh_VM,rh_S_orbital_lateral_thickness
0,0.49419745065861753,-0.06806097386496066,-0.3752032098722008,-0.28723837923373263,0.2915218928040535,0.42883204565806876,0.17462300305903705,0.5788410220030303,-0.4108419978019238,0.35275541038522484,0.4368905858556814,-0.9935125770617633,-0.43229119436073116
