,rh_G_postcentral_area,rh_MDm,rh_G_oc-temp_lat-fusifor_area,lh_S_orbital-H_Shaped_thickness,lh_S_circular_insula_inf_thickness,rh_S_circular_insula_inf_thickness,rh_G_cuneus_area,rh_S_front_sup_area,rh_G_front_inf-Opercular_thickness,lh_S_front_sup_area,rh_S_oc_sup&transversal_thickness,rh_S_temporal_sup_area,rh_Pf,lh_PuM,lh_G_rectus_thickness,rh_Paralaminar-nucleus,lh_S_pericallosal_thickness,rh_VM,lh_VPL,lh_S_collat_transv_post_area,rh_PuM,lh_S_pericallosal_area,lh_S_oc-temp_med&Lingual_area,lh_PuI,rh_L-Sg,rh_CA3-body,rh_G_insular_short_thickness,lh_AV,lh_CA3-body,rh_S_intrapariet&P_trans_area,lh_G_temp_sup-Plan_polar_area,lh_S_temporal_transverse_thickness,rh_S_orbital_lateral_area,rh_HATA
0,0.0630609423485291,-0.13099247745667408,0.03606519393027909,-0.0619906389658547,-0.05877986804434723,-0.09183426397761371,-0.0709904714737884,0.07124974914660226,0.056420339128755895,0.10376715935236257,0.08669026512949937,-0.03410465812919418,-0.09095024476162777,0.08549185990458445,0.17672572606474218,0.06565850261827459,0.10541005192871751,-0.3245214854322812,-0.18971271061644462,-0.037575685882435095,-0.09148538290180691,0.1682911636775968,-0.05073068277259256,0.13614087078869902,0.09368755162058141,-0.13034483440413797,0.09821886685053406,0.09610712574044059,-0.07747125267056261,0.08860746059240046,-0.11017683209253941,0.09894412120058965,0.1180968564739339,-0.09860811348644048
