,lh_PuI,lh_fimbria,lh_VPL,rh_Lat_Fis-ant-Horizont_area,lh_Pole_temporal_thickness,rh_G&S_cingul-Mid-Post_area,rh_S_intrapariet&P_trans_area,rh_S_orbital-H_Shaped_area,rh_S_front_middle_area,lh_Lat_Fis-post_area,lh_G_rectus_thickness,rh_CA3-body,rh_VLa,rh_S_collat_transv_post_thickness,rh_HATA,lh_G_occipital_sup_thickness,lh_S_oc-temp_med&Lingual_area,lh_hippocampal-fissure,lh_S_oc_sup&transversal_area,lh_S_orbital_lateral_thickness
0,0.48894185363971754,0.20239823363603351,-0.67102041452709,-0.10443273288732605,-0.3013509562783476,-0.029997344799521986,0.13269602025538238,0.17777762546150644,0.23600839602766643,0.21071323688084073,0.33999941207711215,-0.39261784239961817,-0.44343174978714045,0.591363590522005,-0.4339232717888775,0.435059543117317,-0.25329542471788,0.2258633562750716,0.4068828871722105,-0.3864280479516525
