,rh_G_postcentral_area,rh_MDm,rh_G_temp_sup-G_T_transv_area,lh_S_orbital-H_Shaped_thickness,lh_S_circular_insula_inf_thickness,rh_S_circular_insula_inf_thickness,rh_G_cuneus_area,rh_S_front_sup_area,rh_G_front_middle_area,rh_G&S_transv_frontopol_thickness,lh_S_front_sup_area,rh_S_oc_sup&transversal_thickness,lh_Lat_Fis-post_area,rh_S_temporal_sup_area,lh_Whole_hippocampus,rh_Pf,lh_PuM,lh_Pole_temporal_thickness,lh_G_rectus_thickness,rh_Paralaminar-nucleus,lh_S_pericallosal_thickness,lh_G_front_inf-Orbital_area,rh_Whole_hippocampus,rh_VM,rh_VLp,lh_VPL,lh_S_collat_transv_post_area,lh_MDl,lh_G&S_cingul-Mid-Ant_area,rh_L-Sg,rh_AV,rh_Lat_Fis-ant-Vertical_thickness,lh_S_oc_sup&transversal_area,rh_Lat_Fis-ant-Horizont_area,rh_G_Ins_lg&S_cent_ins_area,rh_G_cuneus_thickness,rh_G&S_cingul-Mid-Ant_area,lh_G_cingul-Post-dorsal_area,rh_PuL,lh_Pole_temporal_area
0,0.08141390136820165,-0.07885782427477019,-0.06415727885337177,-0.06787684573802494,-0.05486153648309143,-0.07326126190844683,-0.06155642473088704,0.07559362311976567,0.03212488762870484,-0.03476652093877072,0.07203764181620316,0.10268424431139722,0.07790237291197777,-0.041066421775559414,-0.051441665744695775,-0.10331026198328244,0.12516106821287057,-0.04983643436552918,0.15993027334798635,0.08459277809421054,0.06562642840500806,0.021807553145992933,-0.0604717631047084,-0.3100816762880089,-0.16680330099414267,-0.15277066031086808,-0.045233875885109576,0.057186114412515705,0.08346858194690025,0.12619466431663282,0.10935418060262529,0.08743313293482156,0.12748830318872348,-0.07980873828011935,0.11869340659320043,0.23277306289053262,-0.08981575342255121,0.07433326806925374,-0.12996799552147,-0.12456818783206938
