,rh_G_postcentral_area,rh_MDm,rh_G_temp_sup-G_T_transv_area,rh_G_oc-temp_lat-fusifor_area,lh_S_orbital-H_Shaped_thickness,lh_S_circular_insula_inf_thickness,rh_S_circular_insula_inf_thickness,rh_G_cuneus_area,rh_S_front_sup_area,rh_G_front_middle_area,rh_S_pericallosal_area,rh_G_front_inf-Opercular_thickness,lh_S_front_sup_area,rh_S_oc_sup&transversal_thickness,lh_Lat_Fis-post_area,rh_S_temporal_sup_area,lh_Whole_hippocampus,rh_Pf,lh_PuM,lh_Pole_temporal_thickness,lh_Lat_Fis-ant-Vertical_thickness,lh_G_rectus_thickness,lh_S_pericallosal_thickness,rh_Whole_hippocampus,rh_VM,lh_VPL,rh_G_temp_sup-Plan_tempo_area,rh_PuM,lh_S_pericallosal_area,lh_G&S_cingul-Ant_area,lh_S_oc-temp_med&Lingual_area,rh_CA3-body,lh_AV,lh_S_oc_sup&transversal_area,rh_MGN,lh_G_insular_short_area
0,0.11694270792439619,-0.11970607354618944,-0.060243782838101084,0.05740868766779345,-0.06016144919456287,-0.03629208795957978,-0.08948246871251457,-0.03790644004164027,0.10128314343625859,-0.019812086425848967,0.030576098482024798,0.07633424803793788,0.0730644819023572,0.131412157791534,0.12174975693724732,-0.06964528362730812,-0.03316136465888312,-0.10200624788881041,0.1599144392668216,-0.014461856898820487,0.031943626374013157,0.20164894125602212,0.10817672555804199,-0.10159728821435307,-0.3593232186973919,-0.15639019232374185,0.051866278942273726,-0.0750783247813541,0.15177438944619456,-0.041567517471751594,-0.07435565052096467,-0.1261225144565132,0.10910730766811953,0.10873583519276289,0.15643370455293343,-0.06067396723920693
