,rh_G_temp_sup-G_T_transv_area,rh_S_circular_insula_inf_thickness,rh_S_front_sup_area,lh_S_front_sup_area,lh_PuM,lh_G_rectus_thickness,lh_S_pericallosal_thickness,rh_VM,lh_VPL,lh_S_pericallosal_area,rh_L-Sg,rh_G_cuneus_thickness,rh_G&S_cingul-Mid-Ant_area,rh_PuL,lh_Medial-nucleus,lh_S_oc-temp_lat_area
0,-0.05248535478707907,-0.11812766595265532,0.13003567146795875,0.06995875456734177,0.1131277294284936,0.15720954248801725,0.13600763217387835,-0.42711654692711054,-0.22328389274233806,0.184378064425282,0.17455803881843332,0.24341688736172046,-0.10564584509826966,-0.17429333772053618,0.06160724354377266,-0.07800189918661991
