,lh_PuI,lh_G_precuneus_area,rh_S_collat_transv_ant_thickness,rh_G_front_inf-Orbital_area,lh_VPL,rh_G_insular_short_thickness,rh_S_front_middle_area,lh_G_rectus_thickness,rh_L-Sg,rh_WhiteSurfArea_area,rh_G&S_cingul-Mid-Ant_area,lh_S_pericallosal_area,rh_PuM,rh_VM,lh_S_oc-temp_lat_area
0,0.41418212429551665,-0.18744201680954956,-0.17704069720537993,0.08221765865309719,-0.4035740716559747,0.45558339455135655,0.1771482701764595,0.28164770506731307,0.521674586920061,0.2797691561517466,-0.23651546275036645,0.3704655526706481,-0.40226283858565487,-1.0041341394250016,-0.26803097281730526
