,rh_G_postcentral_area,rh_MDm,rh_G_temp_sup-G_T_transv_area,rh_G_oc-temp_lat-fusifor_area,lh_S_orbital-H_Shaped_thickness,lh_S_circular_insula_inf_thickness,rh_G_cuneus_area,rh_S_front_sup_area,rh_G&S_transv_frontopol_thickness,rh_S_pericallosal_area,lh_S_front_sup_area,rh_S_oc_sup&transversal_thickness,rh_S_temporal_sup_area,rh_Pf,lh_S_pericallosal_thickness,lh_G_front_inf-Orbital_area,rh_VM,lh_VPL,lh_MDl,lh_S_pericallosal_area,lh_S_oc-temp_med&Lingual_area,rh_L-Sg,rh_CA3-body,lh_S_oc_sup&transversal_area,rh_G_cuneus_thickness,rh_MGN
0,0.07887179908955558,-0.0946264560359442,-0.07160036821466355,0.028379888964176703,-0.04720471501287693,-0.05453924742639267,-0.030511965526095856,0.061639868387168034,-0.02398363704271677,0.06099550113390154,0.051940930530098434,0.11084132570621796,-0.0420653132412538,-0.09324931446656211,0.1010052959959264,0.053261867096202974,-0.3884282122099242,-0.2035576354190061,0.10037588088064087,0.18521058813220012,-0.07904086742969887,0.15648783952498688,-0.13062536388865753,0.09011670934056726,0.2797501253091283,0.13654245077703484
