,rh_G_postcentral_area,rh_G_temp_sup-G_T_transv_area,lh_S_orbital-H_Shaped_thickness,rh_S_circular_insula_inf_thickness,rh_G&S_transv_frontopol_thickness,lh_S_front_sup_area,rh_S_oc_sup&transversal_thickness,lh_G_pariet_inf-Supramar_area,rh_Pf,lh_PuM,rh_VLp,rh_S_temporal_inf_area,lh_G_precentral_area,rh_Lat_Fis-ant-Vertical_thickness,rh_G_cuneus_thickness,rh_S_oc-temp_lat_thickness,lh_S_oc-temp_lat_area
0,0.12332520008403453,-0.14183784179147038,-0.24002480628223707,-0.41588174278971046,-0.46314947399335266,0.27436097872400295,0.17474158788460553,-0.23852320085041434,0.09609058925039764,0.3867339939555261,-1.0969799989885012,0.21640422544706922,0.28821005359143614,0.2919178521484821,0.8689601862449983,0.29099847071973184,-0.20323534524636416
