,rh_G_postcentral_area,rh_MDm,rh_G_temp_sup-G_T_transv_area,rh_G_oc-temp_lat-fusifor_area,lh_S_orbital-H_Shaped_thickness,lh_S_circular_insula_inf_thickness,rh_S_circular_insula_inf_thickness,rh_G_cuneus_area,rh_S_front_sup_area,rh_G_front_middle_area,rh_G&S_transv_frontopol_thickness,rh_S_pericallosal_area,lh_S_front_sup_area,rh_S_oc_sup&transversal_thickness,lh_PuM,lh_G_rectus_thickness,lh_S_pericallosal_thickness,rh_VM,lh_VPL,lh_G_occipital_sup_area,rh_G_temp_sup-Plan_tempo_area,lh_MDl,lh_G&S_cingul-Ant_area,lh_S_oc-temp_med&Lingual_area,rh_Pole_temporal_area,rh_G_Ins_lg&S_cent_ins_area,rh_G_cuneus_thickness,lh_S_calcarine_thickness,rh_G&S_cingul-Mid-Ant_area,lh_G_cingul-Post-dorsal_area
0,0.09342751327273643,-0.1379217394615301,-0.0646539055984927,0.06602043170995411,-0.06657333685620441,-0.09346699176583001,-0.10841305991048199,-0.05313789726807846,0.1009283568129756,0.06868254926598094,-0.0474137319066428,0.055691066614205656,0.08969901018776165,0.0988423621732376,0.11267425400122792,0.1483460470994994,0.07927841931941962,-0.35166866520081075,-0.17029505886728813,0.0356386798839341,0.047694486589182856,0.08123292760480577,-0.06041161472935167,-0.07482232842709502,-0.1313518749399693,0.09213893759910563,0.19639407693322494,0.2176878406911287,-0.11194476987732693,0.08911196158040768
