,rh_G_postcentral_area,rh_MDm,rh_G_oc-temp_lat-fusifor_area,lh_S_front_sup_area,lh_PuM,lh_G_rectus_thickness,rh_VM,lh_AV,rh_Pole_temporal_area,lh_S_oc_sup&transversal_area,rh_G_cuneus_thickness,rh_HATA,rh_S_orbital-H_Shaped_area
0,0.12121293653426612,-0.19120697521123448,0.022482945150889104,0.10261941789328094,0.1379993835589826,0.19567613929200176,-0.44870691154346376,0.1337749604930023,-0.18044879167615957,0.16974301875771478,0.23711292418520427,-0.2066320073694382,0.13207443846234948
