,lh_PuI,lh_G_precuneus_area,lh_fimbria,lh_S_circular_insula_inf_thickness,rh_S_orbital-H_Shaped_area,rh_Medial-nucleus,lh_Lat_Fis-post_area,rh_L-Sg,rh_CA3-body,rh_S_collat_transv_post_thickness,rh_WhiteSurfArea_area,rh_HATA,rh_G&S_cingul-Mid-Ant_area,lh_S_pericallosal_area,lh_G_precentral_area,rh_VM,lh_S_precentral-inf-part_area,rh_PuL
0,0.26178659857424513,-0.06234105343263088,0.15246205476979302,-0.10156321601550711,0.23902330883987805,0.18380218873992304,0.15765683557714472,0.22824878985305144,-0.33315588009960095,0.5532561568977611,0.18763290672759803,-0.29015367309603696,-0.2486858527361899,0.2715394686667316,0.33423879822510805,-1.0104324782199554,-0.09884347899416848,-0.3487661882870197
