,rh_MDm,rh_S_front_sup_area,rh_G&S_transv_frontopol_thickness,lh_G_rectus_thickness,rh_VM,rh_L-Sg,lh_S_oc_sup&transversal_area,lh_S_calcarine_thickness,rh_G&S_cingul-Mid-Ant_area,rh_PuL
0,-0.10309539075974115,0.23142900848363473,-0.3779607014561098,0.5214437659569877,-1.0000143393963243,0.49530085069730695,0.317738707575608,0.5725613837573216,-0.3076518022859028,-0.2862602350969843
