,rh_G_postcentral_area,rh_MDm,rh_G_temp_sup-G_T_transv_area,rh_G_oc-temp_lat-fusifor_area,lh_S_orbital-H_Shaped_thickness,lh_S_circular_insula_inf_thickness,rh_S_circular_insula_inf_thickness,rh_G_cuneus_area,rh_S_front_sup_area,rh_G_front_middle_area,rh_S_pericallosal_area,rh_G_front_inf-Opercular_thickness,lh_S_front_sup_area,rh_S_oc_sup&transversal_thickness,lh_Lat_Fis-post_area,rh_S_temporal_sup_area,lh_Whole_hippocampus,rh_Pf,lh_PuM,rh_S_collat_transv_post_area,lh_G_rectus_thickness,rh_Paralaminar-nucleus,lh_S_pericallosal_thickness,lh_G_front_inf-Orbital_area,rh_Whole_hippocampus,rh_VM,rh_subiculum-head,lh_VPL,lh_S_collat_transv_post_area,lh_Pt,lh_S_pericallosal_area,lh_PuA,lh_G_orbital_area,lh_S_oc-temp_med&Lingual_area,rh_L-Sg,lh_G_precentral_area,lh_MV(Re),rh_Lat_Fis-ant-Vertical_thickness,lh_S_oc_sup&transversal_area,rh_S_suborbital_area,lh_S_calcarine_thickness,rh_G&S_cingul-Mid-Ant_area,rh_PuL
0,0.09985399140817723,-0.06631167929382052,-0.05701638294136745,0.03482403454247079,-0.08622530808095089,-0.09051385086951848,-0.06916090208728533,-0.05604567563835619,0.08756852604867627,0.03565483162382077,0.05607398264865849,0.0399206176903467,0.09404441903268435,0.09065342347844123,0.07242879041188661,-0.05736786279391312,-0.05851497173631557,-0.10010863720305191,0.110579060217637,0.008077773360383577,0.15791168395384478,0.015963485108074132,0.06987286378343874,0.04075143224035712,-0.10792032857951504,-0.32742872359955094,-0.01793546872315368,-0.16650948559380982,-0.033859355961920586,-0.05028829304272563,0.1596676913730051,0.11533608719882515,-0.07967101678307217,-0.05935766701200877,0.10759558904270498,0.13386658481445776,0.11148882689313516,0.06774182275941523,0.11737187507397236,0.06747028128239708,0.2272036357069473,-0.10647561424135918,-0.14797878938144507
