,lh_PuI,lh_VPL,lh_G_oc-temp_med-Lingual_thickness,lh_G&S_occipital_inf_area,lh_G_temporal_inf_area,lh_G_insular_short_area,lh_G_rectus_area,rh_L-Sg,rh_VLa,rh_CA3-head,rh_G_front_middle_area,rh_S_oc-temp_med&Lingual_area,lh_S_pericallosal_area
0,0.5118831732318707,-0.8397087431004676,0.6430739037112829,0.18930031618278834,0.19849468487668576,-0.46606431190192776,-0.5029215155355788,0.4946593898802368,-0.47377504311806934,-0.3579899099470915,0.4173154478197355,0.3056959502944418,0.20467852426113
