,rh_G_postcentral_area,rh_MDm,rh_G_temp_sup-G_T_transv_area,lh_S_orbital-H_Shaped_thickness,lh_S_circular_insula_inf_thickness,rh_S_circular_insula_inf_thickness,rh_G_cuneus_area,rh_S_front_sup_area,rh_G_front_inf-Opercular_thickness,rh_S_oc_sup&transversal_thickness,lh_Whole_hippocampus,lh_PuM,lh_S_pericallosal_thickness,rh_VM,lh_VPL,lh_MDl,lh_G_occipital_sup_thickness,lh_S_pericallosal_area,rh_S_intrapariet&P_trans_area,lh_G_precentral_area,lh_S_oc_sup&transversal_area,rh_Lat_Fis-ant-Horizont_area,rh_G_cuneus_thickness,rh_G_cingul-Post-ventral_area,lh_S_circular_insula_inf_area,lh_L-Sg,lh_Pole_temporal_area,rh_MGN,rh_S_orbital_lateral_thickness
0,0.07581168064000625,-0.14943904126137603,-0.04274105911495554,-0.055611178313808976,-0.07695071333490383,-0.0730849550389213,-0.04455447542048339,0.0746410080012695,0.06135549985615452,0.13087361551074025,-0.06848755228400513,0.140758457354672,0.10635532023903774,-0.3757803050624185,-0.1830748014396041,0.06673844245541075,0.1318727950410239,0.15833047371483397,0.10043400067559317,0.09275846180763592,0.14150734944331278,-0.08194673253492651,0.22010674177149914,0.07904834675498905,-0.06881264775095006,0.09137104659007615,-0.11923162644355631,0.1155846941778906,-0.08884000522276148
