,lh_PuI,lh_VPL,lh_G_oc-temp_med-Lingual_thickness,lh_G&S_occipital_inf_area,lh_G_temporal_inf_area,lh_G_insular_short_area,lh_G_rectus_area,rh_L-Sg,rh_VLa,rh_CA3-head,rh_G_front_middle_area,rh_S_oc-temp_med&Lingual_area,lh_S_pericallosal_area
0,0.5118831732320583,-0.8397087431003051,0.6430739037112809,0.18930031618278806,0.19849468487668231,-0.46606431190191827,-0.5029215155355806,0.4946593898802394,-0.47377504311813107,-0.35798990994755897,0.4173154478197318,0.3056959502944446,0.20467852426112787
