,lh_PuI,lh_fimbria,lh_VPL,lh_G_oc-temp_med-Lingual_thickness,lh_G&S_occipital_inf_area,rh_hippocampal-fissure,lh_G_temporal_inf_area,lh_G_insular_short_area,lh_G_rectus_area,rh_L-Sg,lh_G_oc-temp_lat-fusifor_area,rh_MDm,lh_WhiteSurfArea_area,rh_CA3-head,lh_G_temp_sup-Plan_polar_area,lh_Lat_Fis-ant-Vertical_area
0,0.4742435766286205,0.21063740289845675,-0.786823634081985,0.7769075822060603,0.18413656227563802,-0.1500340151273889,0.21627960271880975,-0.46895180277906173,-0.18695809454173262,0.2715633031360504,-0.3561835687879703,-0.45522464106113086,0.32913827696830794,-0.28319194422499094,-0.2416716270183226,-0.14166030566908394
