,lh_PuI,rh_S_collat_transv_ant_thickness,lh_fimbria,lh_VPL,rh_G_insular_short_thickness,lh_Pole_temporal_thickness,rh_G&S_cingul-Mid-Post_area,rh_S_orbital-H_Shaped_area,lh_G_rectus_thickness,rh_CA3-body,rh_HATA,lh_S_pericallosal_area,lh_Paralaminar-nucleus,lh_S_oc_sup&transversal_area,rh_VM,rh_MGN
0,0.2721335623615629,0.1568046245343665,0.1878385799944137,-0.31043948731233206,0.22852256595776374,-0.24742935201711255,-0.15130658478810888,0.11837723778224514,0.3783205833645074,-0.3589938780449186,-0.4263655285607588,0.3859171502927266,0.24327094200885563,0.3359477693145337,-0.9415625836863123,0.4509546861506543
