,rh_G_postcentral_area,rh_MDm,rh_G_temp_sup-G_T_transv_area,lh_S_orbital-H_Shaped_thickness,lh_S_circular_insula_inf_thickness,rh_G_cuneus_area,rh_S_front_sup_area,rh_G_front_middle_area,rh_G&S_transv_frontopol_thickness,rh_S_pericallosal_area,rh_G_front_inf-Opercular_thickness,lh_PuM,lh_G_rectus_thickness,lh_S_pericallosal_thickness,rh_VM,lh_VPL,lh_S_collat_transv_post_area,rh_CA3-head,rh_L-Sg,lh_AV,lh_S_oc_sup&transversal_area,lh_S_orbital_lateral_thickness,rh_G_cuneus_thickness,rh_G&S_cingul-Mid-Ant_area,rh_S_calcarine_area,rh_PuA,lh_S_collat_transv_post_thickness
0,0.091852635142034,-0.11788109256436838,-0.04417090780444991,-0.06883990971883369,-0.07771996983619474,-0.07977026965785718,0.10245463924996688,0.05808238617194189,-0.06219680156764715,0.04718707043234719,0.07374826090137979,0.1367150470419552,0.16361741168885918,0.06724372255893016,-0.3433380042943497,-0.16953856031320733,-0.0399523697788575,-0.1446219670911018,0.15248662093949494,0.1460749143020577,0.16281449808223245,-0.09565651176018093,0.21802633594108364,-0.09656616970366866,0.05845774081541343,-0.1497742779963983,0.23970237854327991
