,lh_PuI,lh_fimbria,lh_VPL,lh_G_oc-temp_med-Lingual_thickness,lh_G&S_occipital_inf_area,rh_hippocampal-fissure,lh_G_temporal_inf_area,lh_G_insular_short_area,lh_G_rectus_area,rh_L-Sg,lh_G_oc-temp_lat-fusifor_area,rh_MDm,lh_WhiteSurfArea_area,rh_CA3-head,lh_G_temp_sup-Plan_polar_area,lh_Lat_Fis-ant-Vertical_area
0,0.47424357662828776,0.21063740289845703,-0.7868236340822006,0.7769075822060655,0.18413656227563807,-0.15003401512677175,0.21627960271881108,-0.4689518027790659,-0.18695809454173368,0.2715633031360575,-0.35618356878797086,-0.4552246410613958,0.32913827696831277,-0.2831919442246469,-0.24167162701831885,-0.14166030566908516
