,rh_MDm,rh_G_temp_sup-G_T_transv_area,rh_S_circular_insula_inf_thickness,rh_S_front_sup_area,lh_G_rectus_thickness,rh_VM,lh_VPL,lh_S_collat_transv_post_area,lh_S_pericallosal_area,lh_HATA,lh_PuI,rh_CA3-body,lh_S_oc_sup&transversal_area,rh_G_cuneus_thickness,rh_S_orbital_lateral_area,rh_MGN
0,-0.13123921543908934,-0.05134156106804602,-0.06342327620052828,0.11913383934112622,0.20467140550727567,-0.3789230420665573,-0.20037280533084723,-0.036975573268048595,0.16554941355253036,-0.08466124239756125,0.1613074930539552,-0.18186181746648208,0.1498859957963511,0.276403367945267,0.09971939198343312,0.17011626000379973
